contact-form-7|worldsdream|1
contact-form-7|Kelly3k9|1
contact-form-7|elizabeth|1
contact-form-7|hecthewreck|1
contact-form-7|eodesignstudio|1
contact-form-7|Li-An|1
contact-form-7|Steve Stern|1
contact-form-7|webgalway|1
contact-form-7|lunule|1
contact-form-7|sureshkumarmittapelly|1
wordpress-seo|2pupsncat|1
wordpress-seo|gianfio|1
wordpress-seo|dmitriykuznietsov|1
wordpress-seo|elund|1
wordpress-seo|kentivuc|1
wordpress-seo|mongenegro|1
wordpress-seo|monbauza|1
wordpress-seo|tubetoontube|1
wordpress-seo|tperke|1
wordpress-seo|alexw23|1
akismet|csorin|1
akismet|tiritiricottage|1
akismet|msol7785|1
akismet|perlover|1
akismet|Jeremy Herve|1
akismet|basketballiscool12|1
akismet|theticus|1
akismet|Christopher Finke|1
akismet|szebastianonne|1
akismet|James Huff|1
jetpack|pmciano|1
jetpack|jbballaran|1
jetpack|Stef|1
jetpack|Jeremy Herve|1
jetpack|mgc|1
jetpack|jacksondimedaughter|1
jetpack|helenasotis|1
jetpack|anyfname|1
jetpack|rocketmaneu|1
jetpack|seanferd|1
wordpress-importer|SavageSites|1
wordpress-importer|kontur|1
wordpress-importer|corporatezen222|1
wordpress-importer|Steven C. Wyer|1
wordpress-importer|Jenseitsmedium|1
wordpress-importer|allrite|1
wordpress-importer|QantumThemes|1
wordpress-importer|pmarkovnin|1
wordpress-importer|pdjohnsonga|1
wordpress-importer|bdthemes|1
woocommerce|Stuart Duff|1
woocommerce|ritzonline|1
woocommerce|ym123|1
woocommerce|Yojance Rabelo|1
woocommerce|display|1
woocommerce|zalfinm|1
woocommerce|Jackie McBride|1
woocommerce|karencole37|1
woocommerce|antonio967|1
woocommerce|Danny Santoro|1
all-in-one-seo-pack|scottspeicher|1
all-in-one-seo-pack|Altis B|1
all-in-one-seo-pack|dave27|1
all-in-one-seo-pack|lafrente|1
all-in-one-seo-pack|m2ew|1
all-in-one-seo-pack|odrovunos|1
all-in-one-seo-pack|adogum|1
all-in-one-seo-pack|amazinghacker|1
all-in-one-seo-pack|picstudio|1
all-in-one-seo-pack|davidehenderson|1
google-sitemap-generator|nabtron|1
google-sitemap-generator|noluyo|1
google-sitemap-generator|Cameron W|1
google-sitemap-generator|Rocco Marco Guglielmi|1
google-sitemap-generator|chmars|1
google-sitemap-generator|Matthias Pabst|1
google-sitemap-generator|peterkortvel|1
google-sitemap-generator|Mr 13|1
google-sitemap-generator|romancos|1
google-sitemap-generator|K-ICT|1
limit-login-attempts|chmars|1
limit-login-attempts|WayneM1|1
limit-login-attempts|Masoud|1
limit-login-attempts|chltx|1
limit-login-attempts|dtrim|1
limit-login-attempts|Linda B.|1
limit-login-attempts|BrooklynBob|1
limit-login-attempts|bdbrown|1
limit-login-attempts|jsafire|1
limit-login-attempts|and|1
tinymce-advanced|milab|1
tinymce-advanced|Andrew Ozz|1
tinymce-advanced|KopisAllMedia|1
tinymce-advanced|sonicfuzz|1
tinymce-advanced|Alex Schenker|1
tinymce-advanced|web2010|1
tinymce-advanced|rrus|1
tinymce-advanced|Bla-Bla-Bla|1
tinymce-advanced|Mhbaynham|1
tinymce-advanced|solhuebner|1
wordfence|nucleotide|1
wordfence|kcmyoung|1
wordfence|kingdazy|1
wordfence|Job Alternative|1
wordfence|brockied|1
wordfence|mokuto|1
wordfence|rrus|1
wordfence|johnwerner|1
wordfence|seok3v|1
wordfence|mecopress|1
duplicate-post|arhitecturalia|1
duplicate-post|Lopo|1
duplicate-post|stoicattempt|1
duplicate-post|brian1037|1
duplicate-post|After Dark|1
duplicate-post|araneta|1
duplicate-post|Rasmus Jürs|1
duplicate-post|BrokenGlass|1
duplicate-post|JustCasey76|2
duplicate-post|ikalupreti|2
wp-super-cache|homewise1|1
wp-super-cache|zorbon|1
wp-super-cache|navabi|1
wp-super-cache|stabilifywp|1
wp-super-cache|mherio|1
wp-super-cache|haritakd|1
wp-super-cache|shaunvine|1
wp-super-cache|Donncha O Caoimh|1
wp-super-cache|okfattouh|1
wp-super-cache|jtgilroy|1
google-analytics-for-wordpress|thepeppi|1
google-analytics-for-wordpress|Fran Sanchez|1
google-analytics-for-wordpress|svensonsan|1
google-analytics-for-wordpress|ruuuuuuul|1
google-analytics-for-wordpress|MorphMan|1
google-analytics-for-wordpress|Tobias_Conrad|1
google-analytics-for-wordpress|wolfkettler|1
google-analytics-for-wordpress|mdeans|1
google-analytics-for-wordpress|m4declare1|1
google-analytics-for-wordpress|up2me|1
regenerate-thumbnails|lvelkei|1
regenerate-thumbnails|NUCUTA|1
regenerate-thumbnails|private|1
regenerate-thumbnails|ericgodfrey|1
regenerate-thumbnails|saturngirl3773|1
regenerate-thumbnails|nickiaq|1
regenerate-thumbnails|sinjin1974|1
regenerate-thumbnails|kevinb623|1
regenerate-thumbnails|MechaWear|1
regenerate-thumbnails|mediadivision|1
updraftplus|mountainguy2|1
updraftplus|joe|1
updraftplus|southerndreams|1
updraftplus|David Anderson|1
updraftplus|strzalj|1
updraftplus|gvarona|1
updraftplus|mellononce|1
updraftplus|miskywarn|1
updraftplus|ebethz7|1
updraftplus|VikingCC|1
advanced-custom-fields|JesperT|1
advanced-custom-fields|jst88|1
advanced-custom-fields|paulalexandru|1
advanced-custom-fields|jenniferd2|1
advanced-custom-fields|pivanov|1
advanced-custom-fields|freezer33|1
advanced-custom-fields|MasterReny|1
advanced-custom-fields|esmi|1
advanced-custom-fields|marvin121212|1
advanced-custom-fields|viriato_sueco|1
siteorigin-panels|user1993|1
siteorigin-panels|Anydog|1
siteorigin-panels|scotttraveler|1
siteorigin-panels|cedsun|1
siteorigin-panels|bclemrick|1
siteorigin-panels|parmeshwar kumar|1
siteorigin-panels|videomole|1
siteorigin-panels|alexgso|1
siteorigin-panels|rodolpheb98|1
siteorigin-panels|davidtleblanc|1
hello-dolly|RojoTheBear|1
hello-dolly|Increase SEO|1
hello-dolly|room34|1
hello-dolly|55don|1
hello-dolly|drgovinddas|1
hello-dolly|darkpollo|1
hello-dolly|Back to Front|1
hello-dolly|Sayontan Sinha|1
hello-dolly|angoraspace|1
hello-dolly|joachimwazacom|1
google-analytics-dashboard-for-wp|cetinro|1
google-analytics-dashboard-for-wp|loganweb|1
google-analytics-dashboard-for-wp|Cameron W|1
google-analytics-dashboard-for-wp|m0narch|1
google-analytics-dashboard-for-wp|pjc123|1
google-analytics-dashboard-for-wp|aisles|1
google-analytics-dashboard-for-wp|esajuhana|1
google-analytics-dashboard-for-wp|hiroy|1
google-analytics-dashboard-for-wp|Alin Marcu|1
google-analytics-dashboard-for-wp|beautymodel|1
w3-total-cache|Steve Stern|1
w3-total-cache|javinp|1
w3-total-cache|torbjornw|1
w3-total-cache|babrees|1
w3-total-cache|webmystery|1
w3-total-cache|Dz Mehedi|1
w3-total-cache|cokeefe45|1
w3-total-cache|vitaljik|1
w3-total-cache|Vladimir Garagulia|1
w3-total-cache|woopro|1
duplicator|torbjornw|1
duplicator|progresst|1
duplicator|netspy|1
duplicator|SanJordi|1
duplicator|asianet2|1
duplicator|bluantinoo|1
duplicator|ngothoai|1
duplicator|markjames1234|1
duplicator|Cory Lamle|1
duplicator|time2|1
so-widgets-bundle|lesbell|1
so-widgets-bundle|bmlawncare|1
so-widgets-bundle|Click Artist|3
so-widgets-bundle|swd38|3
so-widgets-bundle|alexgso|3
so-widgets-bundle|Fantasmo|4
so-widgets-bundle|Greg Priday|4
so-widgets-bundle|kupili|4
so-widgets-bundle|Andrew Misplon|5
so-widgets-bundle|webstudioa|5
mailchimp-for-wp|celebritybabyscoop|1
mailchimp-for-wp|Gabriel Mariani|1
mailchimp-for-wp|habakuk|1
mailchimp-for-wp|j2dw|1
mailchimp-for-wp|iMazed|1
mailchimp-for-wp|nr344|1
mailchimp-for-wp|tarzine|1
mailchimp-for-wp|hermit931|1
mailchimp-for-wp|AtelierFlavia|1
mailchimp-for-wp|negociland|1
really-simple-captcha|piyush8427|1
really-simple-captcha|mikeypowel1|1
really-simple-captcha|stacigh|1
really-simple-captcha|humankind|1
really-simple-captcha|Blue Fish Designs|1
really-simple-captcha|krompa|1
really-simple-captcha|skoville|1
really-simple-captcha|drriiii|1
really-simple-captcha|Screwhead28|1
really-simple-captcha|Neil Murray|1
nextgen-gallery|marcoangelo|1
nextgen-gallery|mathiasaase|1
nextgen-gallery|Imagely|1
nextgen-gallery|fusionstream|1
nextgen-gallery|apconley|1
nextgen-gallery|zitomerh|1
nextgen-gallery|darren823|1
nextgen-gallery|godsdead|1
nextgen-gallery|pathfinderjo|1
nextgen-gallery|paradime|1
ninja-forms|crosstherubicon|1
ninja-forms|Steve Stern|1
ninja-forms|jaykibbee|1
ninja-forms|szebastianonne|1
ninja-forms|maxinerappleby|1
ninja-forms|tunarus|1
ninja-forms|athlios|1
ninja-forms|andyvb|1
ninja-forms|sommerjensen|1
ninja-forms|Jon Carter|1
disable-comments|kateM82|1
disable-comments|graftedin|1
disable-comments|jyotiprakashray|1
disable-comments|Samir Shah|1
disable-comments|Paul Thomson|1
disable-comments|Samir Shah|3
disable-comments|stephanium|3
disable-comments|Starski|3
disable-comments|edolmen|4
disable-comments|lex07|4
wp-smushit|Umesh Kumar|1
wp-smushit|vitaelis|1
wp-smushit|Nastia – WPMU DEV Support|1
wp-smushit|pilc|1
wp-smushit|xbass540|1
wp-smushit|Ena-Mar|1
wp-smushit|msjentay|1
wp-smushit|evelinjohanna90|1
wp-smushit|seanferd|1
wp-smushit|greglfb|1
wp-multibyte-patch|show-ko|5
wp-multibyte-patch|marushu|5
wp-multibyte-patch|larrysmorgan37|5
wp-multibyte-patch|ryow30|5
wp-multibyte-patch|Kite|5
wp-multibyte-patch|megane9988|5
wp-multibyte-patch|Mariofernandez|5
wp-multibyte-patch|horike|5
wp-multibyte-patch|itigo100|5
wp-multibyte-patch|Mizue Imai (Mignon Style)|5
all-in-one-wp-migration|phmag|1
all-in-one-wp-migration|christheseo|1
all-in-one-wp-migration|bottlecapnapkin|1
all-in-one-wp-migration|Yani Iliev|1
all-in-one-wp-migration|ivangil|1
all-in-one-wp-migration|dancristo|1
all-in-one-wp-migration|Torgut|1
all-in-one-wp-migration|artmerk|1
all-in-one-wp-migration|tparkmedia|1
all-in-one-wp-migration|SandraL|1
wp-pagenavi|fomenkoandrey|1
wp-pagenavi|Ahmad Wali|1
wp-pagenavi|unity100|1
wp-pagenavi|mayasl|1
wp-pagenavi|Christian Foellmann|1
wp-pagenavi|mrninko|1
wp-pagenavi|mikenet7482|1
wp-pagenavi|Nezumi.sp|1
wp-pagenavi|Lester Chan|1
wp-pagenavi|elitedllc|1
black-studio-tinymce-widget|stoneslade|1
black-studio-tinymce-widget|Marco Chiesi|1
black-studio-tinymce-widget|jetgrob|1
black-studio-tinymce-widget|papasound|1
black-studio-tinymce-widget|kimrrobinson|1
black-studio-tinymce-widget|verbotten|1
black-studio-tinymce-widget|KenKaiserNDC|1
black-studio-tinymce-widget|saintpeterofalcantara|2
black-studio-tinymce-widget|msninsider|2
black-studio-tinymce-widget|Marco Chiesi|2
redirection|gnarlyinc|1
redirection|paulio|1
redirection|webtailor|1
redirection|John Godley|1
redirection|rfollette|1
redirection|mediablox|1
redirection|ravishi|1
redirection|Smoerble|1
redirection|korkusuzca|1
redirection|Jay Lehtinen|1
better-wp-security|Blackhawk Cybersecurity|1
better-wp-security|rjs34|1
better-wp-security|bonovski|1
better-wp-security|Yeti|1
better-wp-security|Trend111|1
better-wp-security|maestosso|1
better-wp-security|lordeleo|1
better-wp-security|John Mclaren|1
better-wp-security|antkh|1
better-wp-security|rodolpheb98|1
ml-slider|Rulatir|1
ml-slider|Andrew Misplon|1
ml-slider|mashut|1
ml-slider|makas|1
ml-slider|OffMyChess|1
ml-slider|David Anderson|1
ml-slider|AyeB0SS|1
ml-slider|AlanSev|1
ml-slider|renrique|1
ml-slider|gauravmanral|1
wpforms-lite|arther01|1
wpforms-lite|netburnr|1
wpforms-lite|wpiscray71|1
wpforms-lite|azlivin008|1
wpforms-lite|tsandiford|1
wpforms-lite|georgia31012|1
wpforms-lite|amcmo|1
wpforms-lite|nicklenods|1
wpforms-lite|Jess Quig|1
wpforms-lite|jasonsahli|1
wp-mail-smtp|dkbakrecha|1
wp-mail-smtp|ikiterder|1
wp-mail-smtp|tayfunozer|1
wp-mail-smtp|bogdanrusu|1
wp-mail-smtp|Slava Abakumov|1
wp-mail-smtp|boumy|1
wp-mail-smtp|maldboy|1
wp-mail-smtp|pablo75rus|1
wp-mail-smtp|Vision Hive|1
wp-mail-smtp|Chad Butler|1
breadcrumb-navxt|John Havlik|1
breadcrumb-navxt|abda53|1
breadcrumb-navxt|misticat|1
breadcrumb-navxt|Richard K|1
breadcrumb-navxt|seopmr|1
breadcrumb-navxt|AjithNatarajan|1
breadcrumb-navxt|ddayoverlordwebmaster|1
breadcrumb-navxt|John Havlik|2
breadcrumb-navxt|lupyo|2
breadcrumb-navxt|Dexter800|2
shortcodes-ultimate|IljaZu|1
shortcodes-ultimate|MariusG|1
shortcodes-ultimate|boraboramedia|1
shortcodes-ultimate|Chitcher1|1
shortcodes-ultimate|MyWPun|1
shortcodes-ultimate|accucomm|1
shortcodes-ultimate|alasitis|1
shortcodes-ultimate|fomenkoandrey|1
shortcodes-ultimate|scrawny|1
shortcodes-ultimate|opusmagnum|1
wp-optimize|kobashicomputing|1
wp-optimize|joe|1
wp-optimize|David Anderson|1
wp-optimize|Arnold Goodway|1
wp-optimize|peterwoodwilson|1
wp-optimize|ruhanirabin|1
wp-optimize|BND83|1
wp-optimize|kokdemir|1
wp-optimize|Devin|1
wp-optimize|makjetta|1
googleanalytics|hadley1210|1
googleanalytics|bowlen|1
googleanalytics|awesomeopp|1
googleanalytics|ratterizzo|1
googleanalytics|Callum Macdonald|1
googleanalytics|mtvoyd|1
googleanalytics|BranigansLaw|1
googleanalytics|fvoron|1
googleanalytics|Brandon (ShareThis Support)|1
googleanalytics|colohost|1
really-simple-ssl|RogierLankhorst|1
really-simple-ssl|Max Senfft von Pilsach|1
really-simple-ssl|angelcalzado|1
really-simple-ssl|MAZE1981|1
really-simple-ssl|houseofstrauss|1
really-simple-ssl|DutchMan0|1
really-simple-ssl|saiprem|1
really-simple-ssl|wptechnology|1
really-simple-ssl|codedogs|1
really-simple-ssl|ymmark0|1
tablepress|oregondoglife|1
tablepress|goldsea|1
tablepress|imageval|1
tablepress|Dil|1
tablepress|revanchero13|1
tablepress|matthewfriedman|1
tablepress|alextovey|1
tablepress|Doremdou|1
tablepress|fmvjackson|1
tablepress|Pankaj|1
all-in-one-wp-security-and-firewall|jams2016|1
all-in-one-wp-security-and-firewall|jojones55|1
all-in-one-wp-security-and-firewall|salvatore1986|1
all-in-one-wp-security-and-firewall|crustycurmudgeon|1
all-in-one-wp-security-and-firewall|nathera|1
all-in-one-wp-security-and-firewall|mra13|1
all-in-one-wp-security-and-firewall|wpsolutions|1
all-in-one-wp-security-and-firewall|lordeleo|1
all-in-one-wp-security-and-firewall|traumsegler|1
all-in-one-wp-security-and-firewall|mandeep007|1
backwpup|mr108|1
backwpup|Roni18|1
backwpup|DJEB|1
backwpup|New Rise Digital|1
backwpup|Christina Fuchs|1
backwpup|bbhank|1
backwpup|jabga|1
backwpup|tonyellis|1
backwpup|sem101|1
backwpup|Brandon Olivares|1
loginizer|supersnail|1
loginizer|fredonjo|1
loginizer|philswn|1
loginizer|borismoggy|1
loginizer|loginizer|1
loginizer|magicthor|1
loginizer|jblackz|1
loginizer|cmroanirgo1|1
loginizer|Khunchay|1
loginizer|inkvoices|1
ewww-image-optimizer|NUCUTA|1
ewww-image-optimizer|Delario|1
ewww-image-optimizer|Aliya Yasir|1
ewww-image-optimizer|nosilver4u|1
ewww-image-optimizer|theconnectedrider|1
ewww-image-optimizer|karmatiger|1
ewww-image-optimizer|HappyListing|1
ewww-image-optimizer|junglized|1
ewww-image-optimizer|atxpromotions|1
ewww-image-optimizer|randomuser2000|1
optinmonster|alejandrog|1
optinmonster|private|1
optinmonster|Jason Jersey|1
optinmonster|summatix|1
optinmonster|danielplourde|1
optinmonster|saddamcrr7|1
optinmonster|Justin Tadlock|1
optinmonster|jackstoriesorg|1
optinmonster|YellowGreenMedia|1
optinmonster|WPBeginner|1
the-events-calendar|m_disseny|1
the-events-calendar|risecollaborative3|1
the-events-calendar|photocurio|1
the-events-calendar|nikkoboy|1
the-events-calendar|Clifford Paulick|1
the-events-calendar|SolMage|1
the-events-calendar|radekczy|1
the-events-calendar|tannetoni|1
the-events-calendar|Courtney Engle Robertson|1
the-events-calendar|ole_wilkenburg|1
force-regenerate-thumbnails|Raci|1
force-regenerate-thumbnails|amychin|1
force-regenerate-thumbnails|Pedro Elsner|1
force-regenerate-thumbnails|bassicsax|1
force-regenerate-thumbnails|robg69|1
force-regenerate-thumbnails|gabu69|1
force-regenerate-thumbnails|sally.wolleat|1
force-regenerate-thumbnails|brendan22bones|1
force-regenerate-thumbnails|filoveg|1
force-regenerate-thumbnails|jeankassio|1
coming-soon|akmiecik|1
coming-soon|silversurfer.wf|1
coming-soon|SeedProd|1
coming-soon|Capobis|3
coming-soon|lucasbustamante|3
coming-soon|thomaslindvig|4
coming-soon|iam3ple|4
coming-soon|cbgeeks|4
coming-soon|atnhenri|4
coming-soon|kakashimateo|4
worker|sodainc|1
worker|Nemanja Aleksic|1
worker|rafikipress|1
worker|Predrag Zdravkovic|1
worker|nick6352683|1
worker|Eslam Yosef|1
worker|ofmarconi|1
worker|TrumpBot|1
worker|bongobas|1
worker|shteffk|1
redux-framework|eric.w|1
redux-framework|Samuel Wood (Otto)|1
redux-framework|KProvance|1
redux-framework|missytuxedo|1
redux-framework|jlh243|1
redux-framework|Dovy Paukstys|1
redux-framework|2359741|1
redux-framework|a4jp . com|1
redux-framework|Jugoslav Milosevic|1
redux-framework|fomenkoandrey|1
wp-maintenance-mode|nolaglamour|1
wp-maintenance-mode|George J|1
wp-maintenance-mode|gerryboucher|1
wp-maintenance-mode|lesscro|1
wp-maintenance-mode|larkale07|1
wp-maintenance-mode|idpelago|1
wp-maintenance-mode|Twisted World|1
wp-maintenance-mode|dirkmittler|1
wp-maintenance-mode|Phil Johnston|1
wp-maintenance-mode|caricreates|1
broken-link-checker|christian-martens|1
broken-link-checker|backpackingwithscotty|1
broken-link-checker|myangel945|1
broken-link-checker|Ryan Street|1
broken-link-checker|bcheath|1
broken-link-checker|loriwildman|1
broken-link-checker|tngm2000|1
broken-link-checker|horseadvocate|1
broken-link-checker|elizwood|1
broken-link-checker|Marosh|1
loco-translate|celloblue|1
loco-translate|n3to14|1
loco-translate|Ken Nguyen|1
loco-translate|gape01|1
loco-translate|strays|1
loco-translate|Mark Max Henckel|2
loco-translate|DareDevil73|3
loco-translate|topsan123|3
loco-translate|Phenotype_X|4
loco-translate|timwhitlock|4
instagram-feed|Rimfya|1
instagram-feed|lupodorato|1
instagram-feed|Tom_Oslo|1
instagram-feed|ShakilAhmed|1
instagram-feed|smashballoon|1
instagram-feed|owenlenegan|1
instagram-feed|ObsidianBlade|1
instagram-feed|Eelco Tjallema|1
instagram-feed|soerfi|1
instagram-feed|smashballoon|2
yith-woocommerce-wishlist|stevngo|1
yith-woocommerce-wishlist|gattororo2017|1
yith-woocommerce-wishlist|inovatif|1
yith-woocommerce-wishlist|Ravinder Thakur|1
yith-woocommerce-wishlist|YITHEMES|1
yith-woocommerce-wishlist|mostlyjan|1
yith-woocommerce-wishlist|webmystery|1
yith-woocommerce-wishlist|sakura303|1
yith-woocommerce-wishlist|Eduard|1
yith-woocommerce-wishlist|nilesouq|1
wp-fastest-cache|ioojimooi|1
wp-fastest-cache|Emre Erkan|1
wp-fastest-cache|webdesignsolutions|1
wp-fastest-cache|NUCUTA|1
wp-fastest-cache|maslakovic|1
wp-fastest-cache|glmbv|1
wp-fastest-cache|cengocan|1
wp-fastest-cache|fropki|1
wp-fastest-cache|leadingo|1
wp-fastest-cache|saglikdanismani|1
custom-post-type-ui|spintoband|1
custom-post-type-ui|spenncerfneg|1
custom-post-type-ui|Michael Beckwith|1
custom-post-type-ui|timendres|1
custom-post-type-ui|svsdnb|1
custom-post-type-ui|Marcio Marim|1
custom-post-type-ui|stueynet|1
custom-post-type-ui|damonr|1
custom-post-type-ui|mike.omara|1
custom-post-type-ui|pnovotnak|1
autoptimize|i_Mike|1
autoptimize|liltorpilanza|1
autoptimize|Olegas|1
autoptimize|Ivan Panchev|1
autoptimize|Optimizing Matters|1
autoptimize|dkurth|1
autoptimize|jannikruger|1
autoptimize|xxxxxterpxxxxx|1
autoptimize|admleo1985|1
autoptimize|soonesprit0|1
image-widget|rwilki|1
image-widget|Den999|1
image-widget|Joe E.|1
image-widget|surfintica|1
image-widget|Peter Chester|1
image-widget|jnascarb|2
image-widget|WebNut|2
image-widget|breakoftheec|3
image-widget|Niklas|3
image-widget|Vijay|4
add-to-any|NUCUTA|1
add-to-any|paulalexandru|1
add-to-any|vincent12345|1
add-to-any|streetscience|1
add-to-any|heidihu|1
add-to-any|micropat|1
add-to-any|gerarde|1
add-to-any|mijahe|1
add-to-any|noamkr|1
add-to-any|Drivergeo|1
cookie-notice|datibus|1
cookie-notice|dFactory|1
cookie-notice|kicooo|2
cookie-notice|allinaday|2
cookie-notice|marcustavelin|2
cookie-notice|dFactory|2
cookie-notice|mconesa|3
cookie-notice|rcp2018|4
cookie-notice|aovivo|4
cookie-notice|taisho|4
contact-widgets|fomenkoandrey|2
contact-widgets|Jonathan Bardo|5
contact-widgets|shivangiprasad|5
contact-widgets|PhilipBarrington|5
contact-widgets|Brad Griffin|5
contact-widgets|GeekGal|5
contact-widgets|Frankie Jarrett|5
user-role-editor|cleftune|1
user-role-editor|eva_log|1
user-role-editor|ms_webcasa|1
user-role-editor|LMProductions|1
user-role-editor|snoo2002|1
user-role-editor|heemanshu|1
user-role-editor|Faenix|1
user-role-editor|trickypaladin|1
user-role-editor|panzeleny|1
user-role-editor|Cregy|1
post-types-order|sheenal|1
post-types-order|tdgu|1
post-types-order|aminzpro|1
post-types-order|Olly – OWMC|1
post-types-order|AthensWebStudio|1
post-types-order|mythusmage|1
post-types-order|kchayka|1
post-types-order|nwiabrad|1
post-types-order|sildona|1
post-types-order|Robswaimea|1
elementor|LogoLogics|1
elementor|michelcollignon1965|1
elementor|kkaoss|1
elementor|kc001|1
elementor|carvanda|1
elementor|doloresanto|1
elementor|UnLambda|1
elementor|yeivicurrea|1
elementor|contengo|1
elementor|uacfwp2017|1
wp-statistics|single99|1
wp-statistics|DediData|1
wp-statistics|yppdeu|1
wp-statistics|Paul Scollon|1
wp-statistics|Mostafa Soufi|1
wp-statistics|jgastmann|1
wp-statistics|webhoffi|1
wp-statistics|Sunnybubblez|1
wp-statistics|ron05|1
wp-statistics|MikaelG|1
maintenance|xshift|1
maintenance|Sabinooo|1
maintenance|pastisorun|1
maintenance|benoitcollet|1
maintenance|d.shamhan|1
maintenance|crocro|1
maintenance|bruklig|1
maintenance|philippe|1
maintenance|Junewah_Wu|1
maintenance|Fruitful Code|1
beaver-builder-lite-version|andrewpetersrrm|1
beaver-builder-lite-version|Jay Collier|1
beaver-builder-lite-version|horseadvocate|1
beaver-builder-lite-version|parmeshwar kumar|1
beaver-builder-lite-version|RobbyMcCullough|1
beaver-builder-lite-version|Justin Busa|1
beaver-builder-lite-version|mark2020|1
beaver-builder-lite-version|gerryb78|1
beaver-builder-lite-version|Brainstorm Force|1
beaver-builder-lite-version|webbeetle|1
wp-google-maps|yolo|1
wp-google-maps|pikachuchu|1
wp-google-maps|goofas|1
wp-google-maps|Teowin|1
wp-google-maps|basarium|1
wp-google-maps|pierino84|1
wp-google-maps|Oclair|1
wp-google-maps|wurstbrot|1
wp-google-maps|rachelmarcelle1|1
wp-google-maps|efornes|1
duplicate-page|cedaly1968|1
duplicate-page|aleksnow885|1
duplicate-page|kwsapphire|4
duplicate-page|wilburlikesmith|4
duplicate-page|SVTX|5
duplicate-page|illy|5
duplicate-page|Robin Jennings|5
duplicate-page|ianbooth|5
duplicate-page|Darrell-Ulm|5
duplicate-page|Moses|5
iwp-client|AAWE|1
iwp-client|Adam @ WPCrafter|1
iwp-client|jack96161|1
iwp-client|Steve|1
iwp-client|dedide|1
iwp-client|0rca|1
iwp-client|campino2k|1
iwp-client|rockethead2|1
iwp-client|pmconsulting|1
iwp-client|infinitewp|1
insert-headers-and-footers|crispinbalfour|1
insert-headers-and-footers|yppdeu|1
insert-headers-and-footers|altehausmittel|1
insert-headers-and-footers|Syed Balkhi|1
insert-headers-and-footers|fobla|1
insert-headers-and-footers|kermit666|2
insert-headers-and-footers|Debjit|2
insert-headers-and-footers|tommy4|2
insert-headers-and-footers|MarkDenis|2
insert-headers-and-footers|andyvnguyen|2
woocommerce-gateway-paypal-express-checkout|pinkminty|1
woocommerce-gateway-paypal-express-checkout|masterbeat|1
woocommerce-gateway-paypal-express-checkout|jugadelpi|1
woocommerce-gateway-paypal-express-checkout|Luke|1
woocommerce-gateway-paypal-express-checkout|khejduk|1
woocommerce-gateway-paypal-express-checkout|salbin002|1
woocommerce-gateway-paypal-express-checkout|Phil C|1
woocommerce-gateway-paypal-express-checkout|aldinlapinig|1
woocommerce-gateway-paypal-express-checkout|kendhal|1
woocommerce-gateway-paypal-express-checkout|Matt1982|1
photo-gallery|ojbravo|1
photo-gallery|kris.k|1
photo-gallery|Alex|1
photo-gallery|Mediahat.net|1
photo-gallery|sandilyan515|1
photo-gallery|Sona|1
photo-gallery|rupl|1
photo-gallery|milo-digital|1
photo-gallery|Photo Gallery Support|1
photo-gallery|Jkozlowski91|1
sucuri-scanner|phxfreddyii|1
sucuri-scanner|limsocheat|1
sucuri-scanner|elovkoff|1
sucuri-scanner|CloudBytes|1
sucuri-scanner|maltonge|1
sucuri-scanner|7thcircle|1
sucuri-scanner|manni65929|1
sucuri-scanner|atlrus|1
sucuri-scanner|jonsparrow|1
sucuri-scanner|rodolpheb98|1
wysija-newsletters|18TommyBoy|1
wysija-newsletters|Dima Stefantsov|1
wysija-newsletters|Mark|1
wysija-newsletters|nowload|1
wysija-newsletters|suttrekalewalker|1
wysija-newsletters|davidcom57|1
wysija-newsletters|kpolljonker|1
wysija-newsletters|neucarol|1
wysija-newsletters|tonyyyy|1
wysija-newsletters|Sunil Barwal|1
easy-google-fonts|NUCUTA|1
easy-google-fonts|graftedin|1
easy-google-fonts|Alessio|1
easy-google-fonts|chrissafi|1
easy-google-fonts|jhnpldng|1
easy-google-fonts|najeeb1010|1
easy-google-fonts|Niki Bilejn|1
easy-google-fonts|golusinghcpr|1
easy-google-fonts|kencooperjr|1
easy-google-fonts|Mikael Winterkvist|1
bbpress|Stephen Edgar|1
bbpress|myowin|1
bbpress|Aaron Kocourek|1
bbpress|cheshire65|1
bbpress|Alvaro Gois dos Santos|1
bbpress|Flyhead|1
bbpress|tjc-thomas|1
bbpress|1naveengiri|1
bbpress|someinsun|1
bbpress|gestaodigital|1
wp-db-backup|csillery|1
wp-db-backup|rapunzel|1
wp-db-backup|Jason Lasky|1
wp-db-backup|przxqgl|1
wp-db-backup|fwchapman|1
wp-db-backup|Kanchan Kushwaha|1
wp-db-backup|certainlyakey|2
wp-db-backup|thaikolja|3
wp-db-backup|mobilewebexpert|3
wp-db-backup|dlbinaz|4
simple-custom-css|m3hd|1
simple-custom-css|antotonydc|1
simple-custom-css|Touda|1
simple-custom-css|johnnyd85|1
simple-custom-css|John Regan|4
simple-custom-css|kevin_wi|4
simple-custom-css|intelligentDesign|4
simple-custom-css|nathanielbessent|4
simple-custom-css|Stanislav Khromov|4
simple-custom-css|amarcopereira|5
widget-importer-exporter|bsupple601|1
widget-importer-exporter|AndreiD|1
widget-importer-exporter|quibblefertz|1
widget-importer-exporter|Steven Gliebe|1
widget-importer-exporter|eabyss|1
widget-importer-exporter|hakonzen|1
widget-importer-exporter|ldallara|1
widget-importer-exporter|Jae|1
widget-importer-exporter|arieapriandana|4
widget-importer-exporter|Jon Brown|4
polylang|Chouby|1
polylang|zabbaka|1
polylang|leosam2|1
polylang|alex.alp|1
polylang|mf34|1
polylang|Vahidak|1
polylang|dibbit|1
polylang|doloresanto|1
polylang|Grzegorz W|1
polylang|mishadow|1
better-search-replace|NUCUTA|1
better-search-replace|Matt Shaw|1
better-search-replace|Hedley|1
better-search-replace|NicheLabs|1
better-search-replace|zwief|1
better-search-replace|ahmedmusawir|1
better-search-replace|johnosmond|1
better-search-replace|tstportal|1
better-search-replace|termoplus|1
better-search-replace|TFolder|1
taxonomy-terms-order|Jupitercow|1
taxonomy-terms-order|cullylarson|1
taxonomy-terms-order|Mizagorn|1
taxonomy-terms-order|ilokogi|1
taxonomy-terms-order|nsp-code|1
taxonomy-terms-order|Roy|1
taxonomy-terms-order|Daniel Schutzsmith|1
taxonomy-terms-order|pauljwhite|1
taxonomy-terms-order|ralphonz|1
taxonomy-terms-order|SpicyNumberOne|2
widget-logic|shafiqvinales|1
widget-logic|aaron843|1
widget-logic|johncoleman83|1
widget-logic|Gabriel Mariani|1
widget-logic|exidon|1
widget-logic|isleshocky77|1
widget-logic|silsbyc|1
widget-logic|astreetweb|1
widget-logic|SG42|1
widget-logic|duckrogers007|1
wp-clone-by-wp-academy|ist4000|1
wp-clone-by-wp-academy|markeri18|1
wp-clone-by-wp-academy|backfolder|1
wp-clone-by-wp-academy|flag|1
wp-clone-by-wp-academy|erdiarikan|1
wp-clone-by-wp-academy|venya|1
wp-clone-by-wp-academy|engelsbogen|1
wp-clone-by-wp-academy|magdamunro|1
wp-clone-by-wp-academy|Procraigslist|1
wp-clone-by-wp-academy|frborg|1
easy-fancybox|chrispink|1
easy-fancybox|acub|1
easy-fancybox|wp.Man|1
easy-fancybox|Ashka|1
easy-fancybox|vtrs|1
easy-fancybox|keithdevon|1
easy-fancybox|DeadCaL|1
easy-fancybox|Muaaz Khalid|1
easy-fancybox|RavanH|1
easy-fancybox|Patrick Baldwin|2
wordpress-popular-posts|dme102|1
wordpress-popular-posts|pyrohot|1
wordpress-popular-posts|PavelCZ1982|1
wordpress-popular-posts|blogoguru|1
wordpress-popular-posts|pif|1
wordpress-popular-posts|Eagleeye1000|1
wordpress-popular-posts|El Chapuzas|1
wordpress-popular-posts|johnny_n|1
wordpress-popular-posts|domotiquesimplement|1
wordpress-popular-posts|Héctor Cabrera|1
woocommerce-gateway-stripe|Peter Hardy-vanDoorn|1
woocommerce-gateway-stripe|rocketrobin|1
woocommerce-gateway-stripe|anonymouse909|1
woocommerce-gateway-stripe|clok777|1
woocommerce-gateway-stripe|mktango|1
woocommerce-gateway-stripe|knitandsew|1
woocommerce-gateway-stripe|royho|1
woocommerce-gateway-stripe|swaldie123|1
woocommerce-gateway-stripe|simplyniknaks|1
woocommerce-gateway-stripe|nsx077|1
woosidebars|cAtt|1
woosidebars|yesyeswordpress|1
woosidebars|ChecMark|1
woosidebars|adamthomsonnz|1
woosidebars|hnorfleet|1
woosidebars|kbam7|2
woosidebars|elitedllc|2
woosidebars|StoyPenny|3
woosidebars|rockmehiphop|3
woosidebars|Bozz|4
mainwp-child|jhnpldng|2
mainwp-child|mainwp|2
mainwp-child|teezer|5
mainwp-child|thatgrrl|5
mainwp-child|John|5
mainwp-child|Jakours2|5
mainwp-child|Fabrizio Azzali|5
mainwp-child|emgwebmaster|5
mainwp-child|Tazo Todua|5
mainwp-child|Marcos Nakamine|5
meta-box|onurozercomtr|1
meta-box|snap-shot|2
meta-box|Tran Ngoc Tuan Anh|2
meta-box|anand|4
meta-box|tuux|4
meta-box|drywallbmb|4
meta-box|madis|4
meta-box|moduv5|4
meta-box|zerge|5
meta-box|Filip Albert|5
sg-cachepress|elovkoff|1
sg-cachepress|wpbrickr|1
sg-cachepress|researcher|1
sg-cachepress|NettSite|1
sg-cachepress|eArtboard|1
sg-cachepress|Vincent Poirier|1
sg-cachepress|Hristo Pandjarov|1
sg-cachepress|agalazo|1
sg-cachepress|Deyneko|1
sg-cachepress|jvrangan|1
google-analyticator|PatrickTaylor1|1
google-analyticator|chabotjeff|1
google-analyticator|Cliff|1
google-analyticator|OM4 Plugins|1
google-analyticator|Jason King|1
google-analyticator|Maxwelljones|1
google-analyticator|denisseattle|1
google-analyticator|Michael Clark|1
google-analyticator|Ulfsby Webdesign|1
google-analyticator|RutgerHoutdijk|1
velvet-blues-update-urls|byronyasgur|1
velvet-blues-update-urls|Roy Randolph|1
velvet-blues-update-urls|alanglotz|1
velvet-blues-update-urls|mostlyjan|1
velvet-blues-update-urls|boutzamat|1
velvet-blues-update-urls|Justin Greer|1
velvet-blues-update-urls|timmberlin71|1
velvet-blues-update-urls|Lalit Nagrath|1
velvet-blues-update-urls|jpinches|1
velvet-blues-update-urls|cke11y|1
page-links-to|adnac|1
page-links-to|John Conner|4
page-links-to|Frank J.|4
page-links-to|Littleviews|5
page-links-to|asdevargas|5
page-links-to|Barn2Media|5
page-links-to|servispg|5
page-links-to|oliverbrinkmann|5
page-links-to|joshsmith01|5
page-links-to|hendridm|5
